"categoria","subcategoria","empresa","pais_o_region","rol","relacion_para_nueva_empresa","prioridad","url","nota_verificada"
"Contratista","Rehabilitación y densificación","BECOSAN","Europa / España","Competidor directo y sistema de referencia","Benchmark de marca, método, contenido y red; posible competidor","Alta","https://www.becosan.com/","Ofrece reparación, preparación, pulido, densificación y sellado"
"Contratista","Pulido y litio","Luvimar","España","Especialista regional/nacional","Competidor, subcontratista o referencia de precio","Alta","https://luvimar.es/","Comunica tratamiento con litio y pulido de hormigón"
"Contratista","Pulido y preparación","TRC Paint","España","Aplicador de tratamientos y revestimientos","Competidor local y referencia de oferta","Media","https://trcpaint.com/servicios/pulidos-y-abrillantados/","Publica servicio de pulido y abrillantado"
"Contratista","Pavimento industrial","Efacta","España","Contratista multisistema","Competidor y referencia de cartera","Alta","https://efacta.es/","Presenta soluciones de pavimento industrial"
"Contratista","Tratamiento de hormigón","Soleras UP","España","Especialista en hormigón tratado","Competidor SEO y comercial","Alta","https://www.tratamientohormigon.es/","Comunica cobertura nacional; validar cifras antes de compararlas"
"Contratista","Pavimentos continuos","Durasil","España","Aplicador de sistemas industriales","Competidor y posible capacidad complementaria","Media","https://www.durasil.com/","Cartera de soluciones para pavimentos"
"Contratista","Litio y rehabilitación","PIMED","España","Contratista de pavimentos","Competidor regional y referencia técnica","Media","https://pimed.es/tratamiento-de-litio-en-pavimento-nave-industrial/","Publica tratamiento de litio para naves"
"Contratista","Hormigón y superficies","Dialcon / Dialfloor","España","Contratista especializado","Competidor y benchmark de presentación comercial","Media","https://dialcon.com/","Dispone de dossier específico Dialfloor"
"Contratista","Pavimentos continuos","Aplifort","España","Aplicador de pavimento industrial","Competidor regional","Media","https://pavimentosaplifort.com/","Web oficial de servicios de pavimentos"
"Contratista","Preparación y reparación","Grupo Pavin","España","Contratista multisistema","Competidor y posible socio de obra","Alta","https://pavin.es/preparacion-y-reparacion/","Publica preparación y reparación de soportes"
"Contratista","Reparación","Unifort","España","Especialista en reparación","Competidor y referencia de patologías","Alta","https://www.unifort.es/servicios/reparacion-de-pavimentos/","Publica reparación de pavimentos"
"Contratista","Pulido de hormigón","Superpul","España","Especialista de superficie","Competidor regional","Media","https://superpul.es/","Web oficial del especialista"
"Contratista","Pavimentos industriales","Troya Grupo","España","Contratista multisistema","Competidor regional","Media","https://www.troyagrupo.com/","Web corporativa oficial"
"Contratista","Hormigón pulido","HormiSolDecor","España","Especialista de hormigón","Competidor local y residencial/industrial adyacente","Baja","https://www.hormisoldecor.es/hormigon-pulido/","Publica servicio de hormigón pulido"
"Contratista","Pavimentos continuos","Pavindus","España","Empresa miembro del ecosistema AEPC","Competidor y referencia asociativa","Media","https://pavindus.com/","Validar alcance y cobertura en siguiente oleada"
"Contratista","Pavimentos continuos","Sisrecon","España","Aplicador de epoxi, PU-cemento y sistemas sanitarios","Competidor regional y referencia en alimentación","Alta","https://sisrecon.com/","Web oficial revisada; actividad desde 1995 según la empresa"
"Contratista","Pavimentos de hormigón","Bobeton","España","Contratista de hormigón","Competidor en nueva solera/acabado","Media","https://bobeton.es/","Validar capacidad exacta y geografía"
"Contratista","Hormigón decorativo e industrial","Paviprint","España","Aplicador de sistemas cementosos","Competidor adyacente","Baja","https://www.paviprint.com/","Fabricación y aplicación vinculada a pavimentos"
"Contratista","Sistemas cementosos","Pavistamp","España","Fabricante y red de aplicación","Proveedor, prescriptor o competidor indirecto","Media","https://www.pavistamp.com/","Cartera de sistemas de pavimento"
"Contratista","Rehabilitación de hormigón","MKZ Construction","Reino Unido / Europa","Especialista en reparación y tratamiento","Benchmark europeo y posible socio geográfico","Alta","https://www.mkzconstructionlimited.com/","Web oficial de contratista especializado"
"Contratista","Pavimento industrial","GB Flooring","Reino Unido","Contratista industrial","Benchmark regional","Media","https://industrialfloorcontractors.co.uk/","Contratista de pavimentos industriales"
"Contratista","Rehabilitación de almacenes","Warehouse Flooring Solutions","Reino Unido","Especialista de almacenes","Benchmark de oferta por problema","Alta","https://warehouseflooringsolutions.co.uk/services/","Servicios para pavimentos de almacén"
"Contratista","Resinas y reparación","Respol","Reino Unido","Contratista de resinas industriales","Benchmark en sistemas de resina","Media","https://industrialflooring.co.uk/","Web corporativa oficial"
"Contratista","Rectificado y reparación","Flat Solutions","Francia","Especialista en planimetría y rehabilitación","Competidor/partner europeo","Alta","https://www.flat-solutions.fr/","Especialista francés de pavimentos industriales"
"Contratista","Pulido y rectificado","Flat Ponçage","Francia","Especialista de superficie","Competidor/partner europeo","Media","https://www.flat-poncage.fr/","Web oficial"
"Contratista","Preparación, resina y pulido","TCI Synergie / Terra-Clean","Francia","Especialista de tratamiento superficial","Competidor adyacente y benchmark regional","Media","https://tcisynergie.fr/","Terra-Clean comunica su cambio de nombre a TCI Synergie"
"Contratista","Hormigón pulido","tri|B","Alemania","Especialista de suelos de hormigón","Benchmark técnico europeo","Alta","https://www.tri-b.de/","Web oficial"
"Contratista","Rectificado y pulido","EBALAN","Alemania","Especialista de tratamiento de hormigón","Benchmark técnico europeo","Media","https://beton-boeden.de/schleifen-polieren.html","Publica rectificado y pulido"
"Contratista","Pavimento industrial","Sinnofloor","Alemania","Contratista multisistema","Benchmark regional","Media","https://www.sinnofloor.com/","Web oficial"
"Contratista","Hormigón industrial","RPG Betonboden","Alemania","Contratista de suelos de hormigón","Competidor en nueva solera y acabado","Media","https://www.betonbodengmbh.de/","Web oficial"
"Contratista","Tecnología de pavimentos","BSB Bodentechnik","Alemania","Contratista especializado","Benchmark regional","Media","https://www.bsb-bodentechnik.de/","Web oficial"
"Contratista","Rehabilitación industrial","Industriebodensanierung 24","Alemania","Especialista en rehabilitación","Benchmark de captación por problema","Media","https://industriebodensanierung-24.de/","Web oficial"
"Ingeniería y contratista","Planimetría y VNA","CoGri Group","Global / Europa","Grupo especialista en suelos para logística","Principal benchmark en medición, diseño y corrección","Muy alta","https://cogrigroup.com/","Grupo con consultoría, diseño, construcción y rehabilitación"
"Ingeniería y ensayo","Medición y consultoría","Face Consultants","Global / Europa","Consultor y laboratorio especializado","Benchmark; posible socio o competidor técnico","Muy alta","https://face-consultants.de/","Especializado en ensayo y control de suelos"
"Contratista","Rectificado VNA","Concrete Grinding Ltd","Reino Unido / global","Especialista en rectificado correctivo","Benchmark de automatización y superflat","Muy alta","https://concrete-grinding.com/","Empresa del ecosistema CoGri"
"Contratista","Reparación y acabado","CG Flooring Systems","Europa","Contratista especializado","Benchmark de rehabilitación europea","Alta","https://cg-flooring.com/","Empresa del ecosistema CoGri"
"Contratista","Nueva solera","Twintec","Europa / global","Diseño y ejecución de soleras","Competidor en nueva construcción; posible socio","Alta","https://www.twintecgroup.com/","Especialista internacional en losas industriales"
"Contratista","Nueva solera","RCR Industrial Flooring","Europa / global","Grupo de pavimentos industriales","Competidor/benchmark de gran escala","Alta","https://www.rcrindustrialflooring.com/","Especialista internacional"
"Contratista","Nueva solera","Primekss","Europa / global","Sistema de losa industrial","Competidor/partner de nueva construcción","Alta","https://primekss.com/","Sistema y ejecución de suelos industriales"
"Contratista y fabricante","Sistemas industriales","RINOL","Europa / global","Grupo de sistemas y aplicadores","Competidor/partner y benchmark de red","Alta","https://www.rinol.com/","Cartera internacional de pavimentos industriales"
"Fabricante","Densificadores","PROSOCO","Global / Europa","Química para hormigón","Proveedor potencial y referencia técnica","Alta","https://prosoco.com/products/concrete-flooring/hardeners-densifiers/","Publica endurecedores y densificadores"
"Fabricante","Densificadores","Curecrete","Global / Europa","Fabricante de Ashford Formula y RetroPlate","Proveedor potencial y benchmark de sistema","Alta","https://curecrete.com/","Cartera de tratamiento de hormigón"
"Fabricante","Densificadores","Convergent Concrete Technologies","Global / Europa","Fabricante de la gama Pentra","Proveedor potencial","Media","https://www.convergent-group.com/products/densifiers-cures/","Publica densificadores y curadores"
"Fabricante","Densificadores y resinas","Sika","Global / España","Fabricante multitecnología","Proveedor, formación y homologación; también prescribe","Muy alta","https://www.sika.com/en/construction/floor-systems.html","Cartera global de pavimentos"
"Fabricante","Densificadores y resinas","Mapei","Global / España","Fabricante multitecnología","Proveedor, formación y homologación","Muy alta","https://www.mapei.com/es/es/","Cartera local y global"
"Fabricante","Densificadores","Euclid Chemical","Global","Química para hormigón","Referencia técnica; comprobar distribución europea","Media","https://www.euclidchemical.com/products/construction-products/liquid-densifiers/eucosil/","Publica densificadores líquidos"
"Fabricante","Resinas y PU-cemento","Tremco CPG / Flowcrete","Europa / España","Fabricante de sistemas de resina","Proveedor y homologación potencial","Muy alta","https://www.tremcocpg.eu/en-gb/products-solutions/construction-solutions/resin-flooring-screeds/","Cartera europea de resinas y recrecidos"
"Fabricante","PU-cemento","Sika Ucrete","Global / España","Sistema para alta exigencia","Proveedor clave para alimentación y química","Muy alta","https://www.sika.com/en/brands/sika-ucrete.html","Sistema de PU-cemento"
"Fabricante","Resinas","Stonhard","Global / Europa","Fabricante/aplicador de sistemas","Competidor indirecto y benchmark de venta vertical","Alta","https://cms.stonhard.com/contact/europe","Presencia europea"
"Fabricante","Resinas","Remmers","Europa / España","Fabricante de sistemas industriales","Proveedor potencial","Alta","https://www.remmers.ie/en_IE/constructionflooring/synthetic-resin-flooring/industrial-flooring-systems/c/c8708","Cartera industrial"
"Fabricante","Reparación y resinas","Fosroc","Global / España","Química de construcción","Proveedor y prescriptor potencial","Alta","https://www.fosroc.com/","Cartera de reparación y protección"
"Fabricante","Morteros y resinas","ARDEX","Global / España","Fabricante de preparación y acabados","Proveedor y formación potencial","Alta","https://ardex.es/","Presencia oficial en España"
"Fabricante","Reparación y protección","MC-Bauchemie","Europa / España","Química de construcción","Proveedor potencial","Media","https://www.mc-bauchemie.es/","Presencia oficial en España"
"Fabricante","Protección de hormigón","StoCretec","Europa / España","Sistemas de protección y suelos","Proveedor potencial","Media","https://www.sto.es/","Validar gama local StoCretec"
"Fabricante","Resinas rápidas","Triflex","Europa / España","Fabricante de PMMA","Proveedor especializado para curado rápido","Alta","https://www.triflex.com/","Especialista en sistemas líquidos de PMMA"
"Fabricante","Reparación y recubrimientos","Watco","Europa","Venta directa de productos de suelo","Competidor de soluciones simples y proveedor adyacente","Media","https://www.watco.fr/","Cartera europea de reparación y recubrimiento; no se confirmó tienda española activa"
"Maquinaria","Rectificado y preparación","Husqvarna Construction / HTC / Blastrac","Global / España","Fabricante de maquinaria, diamante y aspiración","Proveedor, formación y benchmark de flota","Muy alta","https://www.husqvarnaconstruction.com/us/floor-grinders/about/","Cartera integrada de preparación de superficies"
"Maquinaria","Rectificado y pulido","Scanmaskin / Tyrolit","Europa / España","Fabricante de máquinas y abrasivos","Proveedor potencial","Alta","https://scanmaskin.com/","Scanmaskin forma parte de Tyrolit"
"Maquinaria","Rectificado y preparación","Schwamborn","Europa / España","Fabricante de maquinaria","Proveedor potencial","Alta","https://www.schwamborn.com/en","Cartera profesional"
"Maquinaria","Rectificado y pulido","Superabrasive / LAVINA","Global / Europa","Fabricante de máquinas y herramientas","Proveedor potencial","Alta","https://superabrasive.com/","Cartera LAVINA"
"Maquinaria","Rectificado y pulido","Klindex","Europa / España","Fabricante de maquinaria","Proveedor potencial","Media","https://www.klindex.com/","Cartera de preparación y pulido"
"Maquinaria","Herramienta y aspiración","Hilti","Global / España","Herramienta profesional","Proveedor de corte, desbaste y control de polvo","Media","https://www.hilti.es/","Presencia oficial española"
"Maquinaria","Abrasivos","Norton / Saint-Gobain Abrasives","Global / España","Fabricante de abrasivos","Proveedor potencial","Media","https://www.nortonabrasives.com/es-es","Cartera española"
"Maquinaria","Abrasivos","Tyrolit","Global / España","Fabricante de herramientas abrasivas","Proveedor potencial","Alta","https://www.tyrolit.com/","Cartera profesional"
"Limpieza","Fregadoras industriales","Tennant","Global / España","Fabricante de limpieza mecanizada","Partner de mantenimiento y referencia de limpieza","Alta","https://www.tennantco.com/es_es/","Cartera de limpieza industrial"
"Limpieza","Fregadoras y aspiración","Nilfisk","Global / España","Fabricante de limpieza","Partner de mantenimiento","Alta","https://www.nilfisk.com/es-es/","Presencia española"
"Limpieza","Limpieza profesional","Kärcher","Global / España","Fabricante de limpieza","Partner y referencia de protocolos","Alta","https://www.kaercher.com/es/professional.html","Cartera profesional"
"Limpieza","Fregadoras industriales","Hako","Europa / España","Fabricante de limpieza","Partner potencial","Media","https://www.hako.com/","Cartera industrial"
"Limpieza","Fregadoras industriales","Fimap","Europa / España","Fabricante de limpieza","Partner potencial","Media","https://www.fimap.com/","Cartera profesional"
"Asociación","Pavimentos continuos","AEPC","España","Asociación y esquema de acreditación","Referencia sectorial; acreditación futura","Muy alta","https://www.aepc.info/","Publica requisitos de acreditación voluntaria"
"Asociación","Resinas","FeRFA","Reino Unido","Asociación de resinas y guías técnicas","Benchmark de formación y documentación","Alta","https://ferfa.org.uk/","Asociación sectorial"
"Asociación","Hormigón","The Concrete Society","Reino Unido / internacional","Entidad técnica","Fuente de guías de regularidad y suelos","Alta","https://www.concrete.org.uk/","Publica recursos técnicos"
"Asociación","Pavimentos continuos","ANFAH","España","Asociación de fabricantes","Fuente sectorial y red de fabricantes","Media","https://anfah.org/","Asociación española"
"Asociación","Morteros y SATE","ANFAPA","España","Asociación de fabricantes","Fuente adyacente de morteros y normativa","Media","https://anfapa.com/","Asociación española"
"Propietario / desarrollador","Logística","Prologis","Europa / España","Propietario y gestor logístico","Cuenta objetivo y canal por portfolio","Muy alta","https://www.prologis.es/","Presencia oficial española"
"Propietario / desarrollador","Logística","Panattoni","Europa / España","Desarrollador logístico","Cuenta objetivo, obra nueva y rehabilitación","Muy alta","https://panattonieurope.com/en-es","Presencia oficial española"
"Propietario / desarrollador","Logística","SEGRO","Europa","Propietario y desarrollador logístico","Cuenta objetivo multinacional","Alta","https://www.segro.com/","Web corporativa oficial"
"Propietario / desarrollador","Logística","Logicor","Europa / España","Propietario y gestor logístico","Cuenta objetivo por portfolio","Muy alta","https://www.logicor.eu/en","Presencia europea"
"Propietario / desarrollador","Logística","Goodman","Global / España","Propietario y desarrollador logístico","Cuenta objetivo y prescriptor","Muy alta","https://es.goodman.com/en/about-goodman/about-us","Presencia oficial española"
"Propietario / desarrollador","Logística","CTP","Europa","Propietario y desarrollador industrial/logístico","Cuenta objetivo para expansión europea","Alta","https://ctp.eu/","Web corporativa oficial"
"Propietario / desarrollador","Logística","P3 Logistic Parks","Europa / España","Propietario y desarrollador logístico","Cuenta objetivo","Alta","https://www.p3parks.com/","Presencia europea"
"Propietario / desarrollador","Logística","GLP","Global / Europa","Inversor y desarrollador logístico","Cuenta objetivo multinacional","Alta","https://eu.glp.com/","Presencia europea"
"Propietario / desarrollador","Última milla","Mileway","Europa / España","Propietario de logística urbana","Cuenta objetivo por rehabilitación de activos","Alta","https://mileway.com/","Portfolio europeo"
"Propietario / desarrollador","Logística e industrial","VGP","Europa / España","Propietario y desarrollador","Cuenta objetivo","Alta","https://www.vgpparks.eu/","Presencia europea"
"Propietario / desarrollador","Inmobiliario logístico","MERLIN Properties","España / Portugal","Propietario e inversor","Cuenta objetivo nacional","Alta","https://www.merlinproperties.com/","Portfolio inmobiliario"
"Propietario / desarrollador","Logística","Montepino","España","Promotor y gestor logístico","Cuenta objetivo nacional","Muy alta","https://montepino.net/es/","Especialista logístico"
"Propietario / desarrollador","Logística","Newdock","España","Gestor y desarrollador logístico","Cuenta objetivo nacional","Muy alta","https://www.newdock.com/","Especialista logístico"
"Facility management","Industrial y logística","CBRE","Global / España","Gestor, consultor y prescriptor","Canal y cuenta objetivo","Muy alta","https://www.cbre.com/services/manage-properties-and-portfolios/facilities-management/industrial-and-logistics-facilities-management","Plataforma de FM industrial/logístico"
"Facility management","Inmobiliario e industrial","JLL","Global / España","Gestor, consultor y prescriptor","Canal y cuenta objetivo","Muy alta","https://www.jll.es/","Presencia oficial española"
"Facility management","Servicios integrados","ISS","Global / España","Facility manager","Canal y comprador potencial","Alta","https://www.issworld.com/es-es","Presencia oficial española"
"Facility management","Servicios integrados","EULEN","España / internacional","Facility manager","Canal y comprador potencial","Alta","https://www.eulen.com/es/","Grupo español"
"Facility management","Servicios integrados","Clece","España","Facility manager","Canal y comprador potencial","Alta","https://www.clece.es/","Grupo español"
"Facility management","Servicios técnicos","Apleona","Europa / España","Facility manager técnico","Canal y comprador potencial","Alta","https://apleona.com/","Presencia europea"
"Facility management","Servicios técnicos","SPIE","Europa / España","Servicios multitécnicos","Canal, prescriptor y comprador","Alta","https://www.spie.com/","Grupo europeo"
"Facility management","Servicios técnicos","Equans","Global / Europa","Servicios energéticos y multitécnicos","Canal, prescriptor y comprador","Alta","https://www.equans.com/","Grupo global de servicios multitécnicos"
"Automatización","Intralogística","Mecalux","Global / España","Integrador de almacenes, software y automatización","Prescriptor y partner para requisitos de suelo","Muy alta","https://www.mecalux.es/","Empresa española de intralogística"
"Automatización","Almacenamiento cúbico","AutoStore","Global / Europa","Proveedor de automatización","Prescriptor de tolerancias y cuenta/partner","Muy alta","https://www.autostoresystem.com/","Sistema de almacenamiento automatizado"
"Automatización","Intralogística","Dematic","Global / España","Integrador de automatización","Prescriptor y partner","Muy alta","https://www.dematic.com/es-es/","Presencia oficial española"
"Automatización","Intralogística","SSI Schäfer","Global / España","Integrador de automatización y estanterías","Prescriptor y partner","Muy alta","https://www.ssi-schaefer.com/es-es","Presencia oficial española"
"Automatización","Intralogística","Swisslog","Global / España","Integrador de automatización","Prescriptor y partner","Muy alta","https://www.swisslog.com/es-es","Presencia oficial española"
"Automatización","Intralogística","KNAPP","Global / España","Integrador de automatización","Prescriptor y partner","Alta","https://www.knapp.com/","Web corporativa oficial"
"Automatización","Intralogística","TGW Logistics","Global / España","Integrador de automatización","Prescriptor y partner","Alta","https://www.tgw-group.com/","Web corporativa oficial"
"Automatización","Intralogística","Vanderlande","Global / España","Integrador de automatización","Prescriptor y partner","Alta","https://www.vanderlande.com/","Web corporativa oficial"
"Automatización","Intralogística","WITRON","Global / Europa","Integrador de automatización","Prescriptor y partner","Alta","https://www.witron.de/en/","Web corporativa oficial"
"Automatización","Robótica móvil","Exotec","Global / Europa","Proveedor de robots de almacén","Prescriptor de condición geométrica","Alta","https://www.exotec.com/","Robótica para almacenes"
"Automatización","Carretillas y almacén","Jungheinrich","Global / España","Fabricante e integrador intralogístico","Prescriptor de planimetría y partner","Muy alta","https://www.jungheinrich.es/","Presencia oficial española"
"Automatización","Carretillas y almacén","KION Group / Linde / STILL","Global / España","Fabricante e integrador","Prescriptor de planimetría y partner","Muy alta","https://www.kiongroup.com/","Grupo de intralogística"
"Automatización","Carretillas y almacén","Toyota Material Handling","Global / España","Fabricante e integrador","Prescriptor de planimetría y partner","Muy alta","https://toyota-forklifts.es/","Presencia oficial española"
